,video,method,metric_name,metric_value
1,boxing-fisheye,Our Result,PSNR,22.45946437
2,longboard,Our Result,PSNR,23.17543981
3,lady-running,Our Result,PSNR,23.28711185
4,cat-girl,Our Result,PSNR,23.44156823
5,walking,Our Result,PSNR,23.79523242
6,scooter-black,Our Result,PSNR,24.75234348
7,dogs-scale,Our Result,PSNR,24.95421531
8,rallye,Our Result,PSNR,26.45567675
9,motorbike,Our Result,PSNR,26.80093306
10,drift-straight,Our Result,PSNR,27.146376
11,mallard-water,Our Result,PSNR,27.32239989
12,scooter-board,Our Result,PSNR,27.54440843
13,bear,Our Result,PSNR,27.69848778
14,varanus-cage,Our Result,PSNR,28.11854364
15,horsejump-low,Our Result,PSNR,28.59935869
16,schoolgirls,Our Result,PSNR,29.10266918
17,car-turn,Our Result,PSNR,29.24943136
18,motocross-jump,Our Result,PSNR,29.28419786
19,car-shadow,Our Result,PSNR,29.29894943
20,tennis,Our Result,PSNR,29.61788242
21,crossing,Our Result,PSNR,29.6874951
22,bus,Our Result,PSNR,29.90457556
23,motocross-bumps,Our Result,PSNR,30.24444591
24,train,Our Result,PSNR,30.44766941
25,camel,Our Result,PSNR,30.49692699
26,breakdance,Our Result,PSNR,30.56578757
27,mallard-fly,Our Result,PSNR,30.57924797
28,upside-down,Our Result,PSNR,30.6543494
29,classic-car,Our Result,PSNR,30.78573267
30,gold-fish,Our Result,PSNR,30.78642464
31,bike-packing,Our Result,PSNR,30.84500621
32,paragliding-launch,Our Result,PSNR,30.86882583
33,bmx-trees,Our Result,PSNR,30.94963804
34,flamingo,Our Result,PSNR,30.9737486
35,tractor-sand,Our Result,PSNR,30.9952335
36,dogs-jump,Our Result,PSNR,31.20658682
37,horsejump-high,Our Result,PSNR,31.36191853
38,dog-agility,Our Result,PSNR,31.44416327
39,disc-jockey,Our Result,PSNR,31.5913992
40,hike,Our Result,PSNR,31.73158417
41,miami-surf,Our Result,PSNR,31.88640991
42,dance-jump,Our Result,PSNR,31.93253211
43,lindy-hop,Our Result,PSNR,32.0725525
44,tuk-tuk,Our Result,PSNR,32.09584282
45,judo,Our Result,PSNR,32.10486845
46,blackswan,Our Result,PSNR,32.27996607
47,boat,Our Result,PSNR,32.31894575
48,car-roundabout,Our Result,PSNR,32.33772798
49,loading,Our Result,PSNR,32.35115905
50,night-race,Our Result,PSNR,32.36733056
51,dancing,Our Result,PSNR,32.40679395
52,paragliding,Our Result,PSNR,32.5315551
53,kite-walk,Our Result,PSNR,32.53983814
54,libby,Our Result,PSNR,32.64675823
55,drift-turn,Our Result,PSNR,32.73534735
56,rollerblade,Our Result,PSNR,32.76073742
57,kid-football,Our Result,PSNR,32.9288188
58,drift-chicane,Our Result,PSNR,33.11712102
59,lucia,Our Result,PSNR,33.32348327
60,color-run,Our Result,PSNR,33.40038886
61,lab-coat,Our Result,PSNR,33.72673429
62,hockey,Our Result,PSNR,33.83188831
63,elephant,Our Result,PSNR,34.021636
64,dog-gooses,Our Result,PSNR,34.17712282
65,planes-water,Our Result,PSNR,34.87148068
66,india,Our Result,PSNR,35.05921401
67,dog,Our Result,PSNR,35.06715079
68,swing,Our Result,PSNR,35.1629885
69,kite-surf,Our Result,PSNR,36.17648477
70,mbike-trick,Our Result,PSNR,36.66294276
71,pigs,Our Result,PSNR,37.67918434
72,breakdance-flare,Our Result,PSNR,40.23881561
1,boxing-fisheye,Lee et al.,PSNR,22.01841479
2,longboard,Lee et al.,PSNR,22.79398151
3,lady-running,Lee et al.,PSNR,23.14946495
4,cat-girl,Lee et al.,PSNR,22.63921995
5,walking,Lee et al.,PSNR,25.98706169
6,scooter-black,Lee et al.,PSNR,24.00478593
7,dogs-scale,Lee et al.,PSNR,24.63141272
8,rallye,Lee et al.,PSNR,24.55527413
9,motorbike,Lee et al.,PSNR,26.09359359
10,drift-straight,Lee et al.,PSNR,25.87004377
11,mallard-water,Lee et al.,PSNR,23.21113832
12,scooter-board,Lee et al.,PSNR,26.79708833
13,bear,Lee et al.,PSNR,26.27656033
14,varanus-cage,Lee et al.,PSNR,25.47536672
15,horsejump-low,Lee et al.,PSNR,26.42661264
16,schoolgirls,Lee et al.,PSNR,30.4168284
17,car-turn,Lee et al.,PSNR,26.26266553
18,motocross-jump,Lee et al.,PSNR,27.82177463
19,car-shadow,Lee et al.,PSNR,28.07919722
20,tennis,Lee et al.,PSNR,28.04198863
21,crossing,Lee et al.,PSNR,25.90043898
22,bus,Lee et al.,PSNR,26.98675898
23,motocross-bumps,Lee et al.,PSNR,27.28316188
24,train,Lee et al.,PSNR,26.4459206
25,camel,Lee et al.,PSNR,26.44462265
26,breakdance,Lee et al.,PSNR,27.77572894
27,mallard-fly,Lee et al.,PSNR,26.55544352
28,upside-down,Lee et al.,PSNR,26.41349592
29,classic-car,Lee et al.,PSNR,31.86505534
30,gold-fish,Lee et al.,PSNR,27.30290604
31,bike-packing,Lee et al.,PSNR,27.93380427
32,paragliding-launch,Lee et al.,PSNR,25.59145748
33,bmx-trees,Lee et al.,PSNR,27.01881873
34,flamingo,Lee et al.,PSNR,26.1065695
35,tractor-sand,Lee et al.,PSNR,26.53862053
36,dogs-jump,Lee et al.,PSNR,29.52119577
37,horsejump-high,Lee et al.,PSNR,30.4691619
38,dog-agility,Lee et al.,PSNR,27.84283402
39,disc-jockey,Lee et al.,PSNR,28.63983208
40,hike,Lee et al.,PSNR,27.74966017
41,miami-surf,Lee et al.,PSNR,29.49019952
42,dance-jump,Lee et al.,PSNR,28.48209941
43,lindy-hop,Lee et al.,PSNR,29.51047806
44,tuk-tuk,Lee et al.,PSNR,29.53768831
45,judo,Lee et al.,PSNR,26.24647696
46,blackswan,Lee et al.,PSNR,28.6626774
47,boat,Lee et al.,PSNR,27.04615541
48,car-roundabout,Lee et al.,PSNR,30.60636931
49,loading,Lee et al.,PSNR,28.14907662
50,night-race,Lee et al.,PSNR,30.59178065
51,dancing,Lee et al.,PSNR,32.53227808
52,paragliding,Lee et al.,PSNR,28.7236494
53,kite-walk,Lee et al.,PSNR,28.58229669
54,libby,Lee et al.,PSNR,31.91842088
55,drift-turn,Lee et al.,PSNR,27.7393373
56,rollerblade,Lee et al.,PSNR,30.38988066
57,kid-football,Lee et al.,PSNR,28.6300998
58,drift-chicane,Lee et al.,PSNR,30.46534147
59,lucia,Lee et al.,PSNR,30.56577924
60,color-run,Lee et al.,PSNR,27.68794064
61,lab-coat,Lee et al.,PSNR,34.88922616
62,hockey,Lee et al.,PSNR,32.98942486
63,elephant,Lee et al.,PSNR,33.46688158
64,dog-gooses,Lee et al.,PSNR,28.6017777
65,planes-water,Lee et al.,PSNR,28.23903641
66,india,Lee et al.,PSNR,28.28767925
67,dog,Lee et al.,PSNR,28.70731277
68,swing,Lee et al.,PSNR,29.80383791
69,kite-surf,Lee et al.,PSNR,29.78913104
70,mbike-trick,Lee et al.,PSNR,31.69361784
71,pigs,Lee et al.,PSNR,36.29175427
72,breakdance-flare,Lee et al.,PSNR,32.14706823
1,boxing-fisheye,Huang et al.,PSNR,21.40359868
2,longboard,Huang et al.,PSNR,22.08019555
3,lady-running,Huang et al.,PSNR,22.68494699
4,cat-girl,Huang et al.,PSNR,22.01282456
5,walking,Huang et al.,PSNR,21.85100269
6,scooter-black,Huang et al.,PSNR,23.18021718
7,dogs-scale,Huang et al.,PSNR,24.23134304
8,rallye,Huang et al.,PSNR,23.58497949
9,motorbike,Huang et al.,PSNR,25.412679
10,drift-straight,Huang et al.,PSNR,25.13294689
11,mallard-water,Huang et al.,PSNR,23.84020781
12,scooter-board,Huang et al.,PSNR,25.92877053
13,bear,Huang et al.,PSNR,25.94753397
14,varanus-cage,Huang et al.,PSNR,24.1708738
15,horsejump-low,Huang et al.,PSNR,25.33382961
16,schoolgirls,Huang et al.,PSNR,28.84759477
17,car-turn,Huang et al.,PSNR,26.40144466
18,motocross-jump,Huang et al.,PSNR,27.22771537
19,car-shadow,Huang et al.,PSNR,27.76166641
20,tennis,Huang et al.,PSNR,26.42125169
21,crossing,Huang et al.,PSNR,26.96347291
22,bus,Huang et al.,PSNR,26.94337313
23,motocross-bumps,Huang et al.,PSNR,27.96221537
24,train,Huang et al.,PSNR,28.43365403
25,camel,Huang et al.,PSNR,28.11226441
26,breakdance,Huang et al.,PSNR,28.96634617
27,mallard-fly,Huang et al.,PSNR,28.25250697
28,upside-down,Huang et al.,PSNR,28.17171071
29,classic-car,Huang et al.,PSNR,30.10194377
30,gold-fish,Huang et al.,PSNR,25.75999813
31,bike-packing,Huang et al.,PSNR,27.07584442
32,paragliding-launch,Huang et al.,PSNR,29.46439099
33,bmx-trees,Huang et al.,PSNR,28.82895625
34,flamingo,Huang et al.,PSNR,25.5329187
35,tractor-sand,Huang et al.,PSNR,27.99275863
36,dogs-jump,Huang et al.,PSNR,30.20871474
37,horsejump-high,Huang et al.,PSNR,27.60127775
38,dog-agility,Huang et al.,PSNR,29.05991176
39,disc-jockey,Huang et al.,PSNR,28.13064765
40,hike,Huang et al.,PSNR,29.96656002
41,miami-surf,Huang et al.,PSNR,28.48247586
42,dance-jump,Huang et al.,PSNR,30.30118994
43,lindy-hop,Huang et al.,PSNR,29.48351792
44,tuk-tuk,Huang et al.,PSNR,29.56123141
45,judo,Huang et al.,PSNR,30.30056677
46,blackswan,Huang et al.,PSNR,29.72979172
47,boat,Huang et al.,PSNR,29.88453805
48,car-roundabout,Huang et al.,PSNR,28.78259934
49,loading,Huang et al.,PSNR,29.83307756
50,night-race,Huang et al.,PSNR,29.2864787
51,dancing,Huang et al.,PSNR,31.91987065
52,paragliding,Huang et al.,PSNR,30.16313722
53,kite-walk,Huang et al.,PSNR,29.79866116
54,libby,Huang et al.,PSNR,30.47735037
55,drift-turn,Huang et al.,PSNR,29.46524964
56,rollerblade,Huang et al.,PSNR,27.63213898
57,kid-football,Huang et al.,PSNR,28.426769
58,drift-chicane,Huang et al.,PSNR,30.40484142
59,lucia,Huang et al.,PSNR,31.80414756
60,color-run,Huang et al.,PSNR,30.73178677
61,lab-coat,Huang et al.,PSNR,31.50631929
62,hockey,Huang et al.,PSNR,31.32281986
63,elephant,Huang et al.,PSNR,32.40027658
64,dog-gooses,Huang et al.,PSNR,30.97174905
65,planes-water,Huang et al.,PSNR,28.70656568
66,india,Huang et al.,PSNR,30.49320555
67,dog,Huang et al.,PSNR,32.34337091
68,swing,Huang et al.,PSNR,32.20687859
69,kite-surf,Huang et al.,PSNR,32.14656822
70,mbike-trick,Huang et al.,PSNR,31.70903334
71,pigs,Huang et al.,PSNR,31.29004758
72,breakdance-flare,Huang et al.,PSNR,36.52936379
1,boxing-fisheye,Xu et al.,PSNR,20.14780673
2,longboard,Xu et al.,PSNR,21.58063663
3,lady-running,Xu et al.,PSNR,21.47898702
4,cat-girl,Xu et al.,PSNR,22.50437279
5,walking,Xu et al.,PSNR,22.43108194
6,scooter-black,Xu et al.,PSNR,21.96329504
7,dogs-scale,Xu et al.,PSNR,22.39363294
8,rallye,Xu et al.,PSNR,23.68317625
9,motorbike,Xu et al.,PSNR,25.02516716
10,drift-straight,Xu et al.,PSNR,23.81950568
11,mallard-water,Xu et al.,PSNR,23.38410669
12,scooter-board,Xu et al.,PSNR,26.62564443
13,bear,Xu et al.,PSNR,23.58434019
14,varanus-cage,Xu et al.,PSNR,24.7562234
15,horsejump-low,Xu et al.,PSNR,25.74923355
16,schoolgirls,Xu et al.,PSNR,27.86027304
17,car-turn,Xu et al.,PSNR,24.8597375
18,motocross-jump,Xu et al.,PSNR,26.1953526
19,car-shadow,Xu et al.,PSNR,28.16668565
20,tennis,Xu et al.,PSNR,25.6345892
21,crossing,Xu et al.,PSNR,26.65615675
22,bus,Xu et al.,PSNR,26.10269925
23,motocross-bumps,Xu et al.,PSNR,26.90723002
24,train,Xu et al.,PSNR,26.64120096
25,camel,Xu et al.,PSNR,25.93326394
26,breakdance,Xu et al.,PSNR,28.71674651
27,mallard-fly,Xu et al.,PSNR,27.09075621
28,upside-down,Xu et al.,PSNR,27.53962525
29,classic-car,Xu et al.,PSNR,28.93432297
30,gold-fish,Xu et al.,PSNR,26.63610686
31,bike-packing,Xu et al.,PSNR,27.681378
32,paragliding-launch,Xu et al.,PSNR,27.07290322
33,bmx-trees,Xu et al.,PSNR,26.59232432
34,flamingo,Xu et al.,PSNR,26.74610248
35,tractor-sand,Xu et al.,PSNR,27.42966493
36,dogs-jump,Xu et al.,PSNR,27.0328781
37,horsejump-high,Xu et al.,PSNR,27.03368966
38,dog-agility,Xu et al.,PSNR,27.28279196
39,disc-jockey,Xu et al.,PSNR,29.1926018
40,hike,Xu et al.,PSNR,27.36401188
41,miami-surf,Xu et al.,PSNR,27.18718665
42,dance-jump,Xu et al.,PSNR,28.92869425
43,lindy-hop,Xu et al.,PSNR,27.78196124
44,tuk-tuk,Xu et al.,PSNR,30.19486525
45,judo,Xu et al.,PSNR,26.93131998
46,blackswan,Xu et al.,PSNR,29.46882628
47,boat,Xu et al.,PSNR,26.43652569
48,car-roundabout,Xu et al.,PSNR,27.42432208
49,loading,Xu et al.,PSNR,28.32773481
50,night-race,Xu et al.,PSNR,29.38615242
51,dancing,Xu et al.,PSNR,30.24217488
52,paragliding,Xu et al.,PSNR,27.27462466
53,kite-walk,Xu et al.,PSNR,29.66701302
54,libby,Xu et al.,PSNR,30.52422277
55,drift-turn,Xu et al.,PSNR,26.95281479
56,rollerblade,Xu et al.,PSNR,30.17963924
57,kid-football,Xu et al.,PSNR,29.36047966
58,drift-chicane,Xu et al.,PSNR,29.65176846
59,lucia,Xu et al.,PSNR,31.42081532
60,color-run,Xu et al.,PSNR,26.47662201
61,lab-coat,Xu et al.,PSNR,31.9615624
62,hockey,Xu et al.,PSNR,29.67273499
63,elephant,Xu et al.,PSNR,27.64198423
64,dog-gooses,Xu et al.,PSNR,29.26000218
65,planes-water,Xu et al.,PSNR,28.99236581
66,india,Xu et al.,PSNR,28.51667947
67,dog,Xu et al.,PSNR,28.54851434
68,swing,Xu et al.,PSNR,31.62700029
69,kite-surf,Xu et al.,PSNR,29.41765459
70,mbike-trick,Xu et al.,PSNR,29.77822429
71,pigs,Xu et al.,PSNR,26.74845129
72,breakdance-flare,Xu et al.,PSNR,33.87594954
1,boxing-fisheye,Newson et al.,PSNR,21.08510438
2,longboard,Newson et al.,PSNR,21.9135167
3,lady-running,Newson et al.,PSNR,22.36730081
4,cat-girl,Newson et al.,PSNR,21.95631001
5,walking,Newson et al.,PSNR,21.55628335
6,scooter-black,Newson et al.,PSNR,22.28849022
7,dogs-scale,Newson et al.,PSNR,23.5626482
8,rallye,Newson et al.,PSNR,22.82338502
9,motorbike,Newson et al.,PSNR,24.23014583
10,drift-straight,Newson et al.,PSNR,24.39923042
11,mallard-water,Newson et al.,PSNR,23.50926652
12,scooter-board,Newson et al.,PSNR,24.97485023
13,bear,Newson et al.,PSNR,24.96519688
14,varanus-cage,Newson et al.,PSNR,24.70404074
15,horsejump-low,Newson et al.,PSNR,24.98093431
16,schoolgirls,Newson et al.,PSNR,29.81322128
17,car-turn,Newson et al.,PSNR,25.52355842
18,motocross-jump,Newson et al.,PSNR,27.07144418
19,car-shadow,Newson et al.,PSNR,26.05283493
20,tennis,Newson et al.,PSNR,25.76773533
21,crossing,Newson et al.,PSNR,24.60636123
22,bus,Newson et al.,PSNR,24.90806262
23,motocross-bumps,Newson et al.,PSNR,26.46350138
24,train,Newson et al.,PSNR,26.75414683
25,camel,Newson et al.,PSNR,24.94478252
26,breakdance,Newson et al.,PSNR,26.32842368
27,mallard-fly,Newson et al.,PSNR,26.87845633
28,upside-down,Newson et al.,PSNR,25.94425539
29,classic-car,Newson et al.,PSNR,30.67312716
30,gold-fish,Newson et al.,PSNR,25.31846916
31,bike-packing,Newson et al.,PSNR,27.32832167
32,paragliding-launch,Newson et al.,PSNR,26.3511411
33,bmx-trees,Newson et al.,PSNR,26.81973068
34,flamingo,Newson et al.,PSNR,24.21434616
35,tractor-sand,Newson et al.,PSNR,25.98796974
36,dogs-jump,Newson et al.,PSNR,27.80080517
37,horsejump-high,Newson et al.,PSNR,28.3031754
38,dog-agility,Newson et al.,PSNR,27.81577875
39,disc-jockey,Newson et al.,PSNR,28.87206434
40,hike,Newson et al.,PSNR,26.00220854
41,miami-surf,Newson et al.,PSNR,28.78257375
42,dance-jump,Newson et al.,PSNR,28.33375634
43,lindy-hop,Newson et al.,PSNR,26.93056714
44,tuk-tuk,Newson et al.,PSNR,29.25725051
45,judo,Newson et al.,PSNR,26.25415511
46,blackswan,Newson et al.,PSNR,28.30586392
47,boat,Newson et al.,PSNR,26.28947666
48,car-roundabout,Newson et al.,PSNR,30.00659784
49,loading,Newson et al.,PSNR,27.25433576
50,night-race,Newson et al.,PSNR,28.24491803
51,dancing,Newson et al.,PSNR,31.75495257
52,paragliding,Newson et al.,PSNR,28.95383012
53,kite-walk,Newson et al.,PSNR,27.73763284
54,libby,Newson et al.,PSNR,30.90750641
55,drift-turn,Newson et al.,PSNR,28.45781125
56,rollerblade,Newson et al.,PSNR,28.20132476
57,kid-football,Newson et al.,PSNR,26.85208086
58,drift-chicane,Newson et al.,PSNR,29.53495962
59,lucia,Newson et al.,PSNR,29.7466437
60,color-run,Newson et al.,PSNR,27.02102683
61,lab-coat,Newson et al.,PSNR,31.38976866
62,hockey,Newson et al.,PSNR,31.92737983
63,elephant,Newson et al.,PSNR,32.83029329
64,dog-gooses,Newson et al.,PSNR,26.75552772
65,planes-water,Newson et al.,PSNR,28.16483992
66,india,Newson et al.,PSNR,28.18860393
67,dog,Newson et al.,PSNR,28.64061592
68,swing,Newson et al.,PSNR,27.81951867
69,kite-surf,Newson et al.,PSNR,30.74285408
70,mbike-trick,Newson et al.,PSNR,29.16620657
71,pigs,Newson et al.,PSNR,33.71638569
72,breakdance-flare,Newson et al.,PSNR,31.97994474
1,boxing-fisheye,Kim et al.,PSNR,18.32566314
2,longboard,Kim et al.,PSNR,19.73584388
3,lady-running,Kim et al.,PSNR,19.64076282
4,cat-girl,Kim et al.,PSNR,19.11841838
5,walking,Kim et al.,PSNR,19.13122271
6,scooter-black,Kim et al.,PSNR,20.87437997
7,dogs-scale,Kim et al.,PSNR,21.44949846
8,rallye,Kim et al.,PSNR,21.66078584
9,motorbike,Kim et al.,PSNR,22.26784972
10,drift-straight,Kim et al.,PSNR,21.39219934
11,mallard-water,Kim et al.,PSNR,21.31901103
12,scooter-board,Kim et al.,PSNR,21.39424986
13,bear,Kim et al.,PSNR,22.07056045
14,varanus-cage,Kim et al.,PSNR,21.94046511
15,horsejump-low,Kim et al.,PSNR,23.0484681
16,schoolgirls,Kim et al.,PSNR,26.03805141
17,car-turn,Kim et al.,PSNR,23.00661991
18,motocross-jump,Kim et al.,PSNR,23.40320381
19,car-shadow,Kim et al.,PSNR,25.11523121
20,tennis,Kim et al.,PSNR,23.2244811
21,crossing,Kim et al.,PSNR,23.77079137
22,bus,Kim et al.,PSNR,22.79983411
23,motocross-bumps,Kim et al.,PSNR,24.34446983
24,train,Kim et al.,PSNR,23.49855485
25,camel,Kim et al.,PSNR,23.51973018
26,breakdance,Kim et al.,PSNR,25.68137631
27,mallard-fly,Kim et al.,PSNR,23.80388779
28,upside-down,Kim et al.,PSNR,24.24510408
29,classic-car,Kim et al.,PSNR,26.95915621
30,gold-fish,Kim et al.,PSNR,24.29594133
31,bike-packing,Kim et al.,PSNR,24.95799272
32,paragliding-launch,Kim et al.,PSNR,23.10044184
33,bmx-trees,Kim et al.,PSNR,25.13214233
34,flamingo,Kim et al.,PSNR,23.87231939
35,tractor-sand,Kim et al.,PSNR,23.80749045
36,dogs-jump,Kim et al.,PSNR,24.47564717
37,horsejump-high,Kim et al.,PSNR,25.13375459
38,dog-agility,Kim et al.,PSNR,25.21660983
39,disc-jockey,Kim et al.,PSNR,25.62710722
40,hike,Kim et al.,PSNR,25.27606888
41,miami-surf,Kim et al.,PSNR,25.15281562
42,dance-jump,Kim et al.,PSNR,24.78055992
43,lindy-hop,Kim et al.,PSNR,24.22060453
44,tuk-tuk,Kim et al.,PSNR,27.31742927
45,judo,Kim et al.,PSNR,22.05928285
46,blackswan,Kim et al.,PSNR,26.76630213
47,boat,Kim et al.,PSNR,22.94620672
48,car-roundabout,Kim et al.,PSNR,25.15720303
49,loading,Kim et al.,PSNR,26.06381285
50,night-race,Kim et al.,PSNR,25.08269352
51,dancing,Kim et al.,PSNR,27.6641603
52,paragliding,Kim et al.,PSNR,24.77039792
53,kite-walk,Kim et al.,PSNR,26.10032751
54,libby,Kim et al.,PSNR,27.18205178
55,drift-turn,Kim et al.,PSNR,25.63361462
56,rollerblade,Kim et al.,PSNR,25.62214017
57,kid-football,Kim et al.,PSNR,25.54947012
58,drift-chicane,Kim et al.,PSNR,26.73042163
59,lucia,Kim et al.,PSNR,27.46348608
60,color-run,Kim et al.,PSNR,23.416616
61,lab-coat,Kim et al.,PSNR,30.65105063
62,hockey,Kim et al.,PSNR,29.56003586
63,elephant,Kim et al.,PSNR,28.40834749
64,dog-gooses,Kim et al.,PSNR,26.8730337
65,planes-water,Kim et al.,PSNR,26.75099955
66,india,Kim et al.,PSNR,24.90930475
67,dog,Kim et al.,PSNR,24.4851954
68,swing,Kim et al.,PSNR,28.68856191
69,kite-surf,Kim et al.,PSNR,29.20021858
70,mbike-trick,Kim et al.,PSNR,27.307014
71,pigs,Kim et al.,PSNR,30.88290687
72,breakdance-flare,Kim et al.,PSNR,29.32350858
1,boxing-fisheye,Oh et al.,PSNR,21.35216256
2,longboard,Oh et al.,PSNR,22.92616184
3,lady-running,Oh et al.,PSNR,22.48490505
4,cat-girl,Oh et al.,PSNR,22.33234469
5,walking,Oh et al.,PSNR,26.98137007
6,scooter-black,Oh et al.,PSNR,24.67898121
7,dogs-scale,Oh et al.,PSNR,25.17258038
8,rallye,Oh et al.,PSNR,25.40492168
9,motorbike,Oh et al.,PSNR,26.43531559
10,drift-straight,Oh et al.,PSNR,25.44172127
11,mallard-water,Oh et al.,PSNR,24.66829799
12,scooter-board,Oh et al.,PSNR,27.11738878
13,bear,Oh et al.,PSNR,27.82268884
14,varanus-cage,Oh et al.,PSNR,27.15860155
15,horsejump-low,Oh et al.,PSNR,28.5770383
16,schoolgirls,Oh et al.,PSNR,30.11993079
17,car-turn,Oh et al.,PSNR,27.57157465
18,motocross-jump,Oh et al.,PSNR,28.23591283
19,car-shadow,Oh et al.,PSNR,28.65988959
20,tennis,Oh et al.,PSNR,29.69699332
21,crossing,Oh et al.,PSNR,27.99014091
22,bus,Oh et al.,PSNR,26.62374594
23,motocross-bumps,Oh et al.,PSNR,28.52230544
24,train,Oh et al.,PSNR,26.83756048
25,camel,Oh et al.,PSNR,28.03632581
26,breakdance,Oh et al.,PSNR,29.36876692
27,mallard-fly,Oh et al.,PSNR,29.48330794
28,upside-down,Oh et al.,PSNR,27.65544222
29,classic-car,Oh et al.,PSNR,31.22901675
30,gold-fish,Oh et al.,PSNR,28.88476933
31,bike-packing,Oh et al.,PSNR,28.95641018
32,paragliding-launch,Oh et al.,PSNR,27.53893853
33,bmx-trees,Oh et al.,PSNR,29.58740572
34,flamingo,Oh et al.,PSNR,28.22212554
35,tractor-sand,Oh et al.,PSNR,27.11037767
36,dogs-jump,Oh et al.,PSNR,27.32523314
37,horsejump-high,Oh et al.,PSNR,31.96269035
38,dog-agility,Oh et al.,PSNR,29.10383066
39,disc-jockey,Oh et al.,PSNR,30.09049349
40,hike,Oh et al.,PSNR,29.13575921
41,miami-surf,Oh et al.,PSNR,31.4609157
42,dance-jump,Oh et al.,PSNR,30.23738067
43,lindy-hop,Oh et al.,PSNR,28.86343172
44,tuk-tuk,Oh et al.,PSNR,31.02860102
45,judo,Oh et al.,PSNR,25.74307266
46,blackswan,Oh et al.,PSNR,31.52495492
47,boat,Oh et al.,PSNR,27.25092022
48,car-roundabout,Oh et al.,PSNR,30.1187922
49,loading,Oh et al.,PSNR,30.42471446
50,night-race,Oh et al.,PSNR,31.121229
51,dancing,Oh et al.,PSNR,33.07764408
52,paragliding,Oh et al.,PSNR,29.84798189
53,kite-walk,Oh et al.,PSNR,30.2770169
54,libby,Oh et al.,PSNR,31.93590793
55,drift-turn,Oh et al.,PSNR,29.07061159
56,rollerblade,Oh et al.,PSNR,32.0017349
57,kid-football,Oh et al.,PSNR,30.0682942
58,drift-chicane,Oh et al.,PSNR,31.18175966
59,lucia,Oh et al.,PSNR,31.12730141
60,color-run,Oh et al.,PSNR,27.10009179
61,lab-coat,Oh et al.,PSNR,34.91004292
62,hockey,Oh et al.,PSNR,33.87314877
63,elephant,Oh et al.,PSNR,33.46846339
64,dog-gooses,Oh et al.,PSNR,29.76136127
65,planes-water,Oh et al.,PSNR,31.76932829
66,india,Oh et al.,PSNR,29.38390369
67,dog,Oh et al.,PSNR,28.79213888
68,swing,Oh et al.,PSNR,31.68589644
69,kite-surf,Oh et al.,PSNR,32.18533699
70,mbike-trick,Oh et al.,PSNR,31.23050256
71,pigs,Oh et al.,PSNR,39.92551862
72,breakdance-flare,Oh et al.,PSNR,34.67566531
1,boxing-fisheye,Our Result,SSIM,0.9626532072
2,longboard,Our Result,SSIM,0.9528766025
3,lady-running,Our Result,SSIM,0.9660537931
4,cat-girl,Our Result,SSIM,0.953812386
5,walking,Our Result,SSIM,0.9495055758
6,scooter-black,Our Result,SSIM,0.9614648988
7,dogs-scale,Our Result,SSIM,0.9600887164
8,rallye,Our Result,SSIM,0.8927394763
9,motorbike,Our Result,SSIM,0.9752247658
10,drift-straight,Our Result,SSIM,0.9729179602
11,mallard-water,Our Result,SSIM,0.8979710971
12,scooter-board,Our Result,SSIM,0.9699877259
13,bear,Our Result,SSIM,0.9726360761
14,varanus-cage,Our Result,SSIM,0.9556245116
15,horsejump-low,Our Result,SSIM,0.9721727298
16,schoolgirls,Our Result,SSIM,0.8618006652
17,car-turn,Our Result,SSIM,0.9720323798
18,motocross-jump,Our Result,SSIM,0.9661835169
19,car-shadow,Our Result,SSIM,0.9818484717
20,tennis,Our Result,SSIM,0.9829306596
21,crossing,Our Result,SSIM,0.8963502875
22,bus,Our Result,SSIM,0.9663573222
23,motocross-bumps,Our Result,SSIM,0.9641535962
24,train,Our Result,SSIM,0.9599719119
25,camel,Our Result,SSIM,0.9716713722
26,breakdance,Our Result,SSIM,0.8908564314
27,mallard-fly,Our Result,SSIM,0.9631967893
28,upside-down,Our Result,SSIM,0.9411541204
29,classic-car,Our Result,SSIM,0.9525275525
30,gold-fish,Our Result,SSIM,0.9582180409
31,bike-packing,Our Result,SSIM,0.9321395468
32,paragliding-launch,Our Result,SSIM,0.9791958936
33,bmx-trees,Our Result,SSIM,0.9804296212
34,flamingo,Our Result,SSIM,0.9583615392
35,tractor-sand,Our Result,SSIM,0.9822863372
36,dogs-jump,Our Result,SSIM,0.9649644115
37,horsejump-high,Our Result,SSIM,0.9737677589
38,dog-agility,Our Result,SSIM,0.9156107262
39,disc-jockey,Our Result,SSIM,0.984997668
40,hike,Our Result,SSIM,0.9750925728
41,miami-surf,Our Result,SSIM,0.9692018558
42,dance-jump,Our Result,SSIM,0.9620372921
43,lindy-hop,Our Result,SSIM,0.9398181241
44,tuk-tuk,Our Result,SSIM,0.9330384352
45,judo,Our Result,SSIM,0.9473709344
46,blackswan,Our Result,SSIM,0.9506247613
47,boat,Our Result,SSIM,0.9443344621
48,car-roundabout,Our Result,SSIM,0.9697162018
49,loading,Our Result,SSIM,0.965178163
50,night-race,Our Result,SSIM,0.9705173361
51,dancing,Our Result,SSIM,0.9113345981
52,paragliding,Our Result,SSIM,0.9883397939
53,kite-walk,Our Result,SSIM,0.9523439935
54,libby,Our Result,SSIM,0.9781129116
55,drift-turn,Our Result,SSIM,0.9648496982
56,rollerblade,Our Result,SSIM,0.9331930929
57,kid-football,Our Result,SSIM,0.9607045486
58,drift-chicane,Our Result,SSIM,0.9276223872
59,lucia,Our Result,SSIM,0.9818270508
60,color-run,Our Result,SSIM,0.9654843736
61,lab-coat,Our Result,SSIM,0.950981452
62,hockey,Our Result,SSIM,0.9767956007
63,elephant,Our Result,SSIM,0.9735703029
64,dog-gooses,Our Result,SSIM,0.9628654736
65,planes-water,Our Result,SSIM,0.9598142055
66,india,Our Result,SSIM,0.9673610937
67,dog,Our Result,SSIM,0.9604122072
68,swing,Our Result,SSIM,0.9740578942
69,kite-surf,Our Result,SSIM,0.9471630107
70,mbike-trick,Our Result,SSIM,0.9611576849
71,pigs,Our Result,SSIM,0.9627534138
72,breakdance-flare,Our Result,SSIM,0.9580225234
1,boxing-fisheye,Lee et al.,SSIM,0.9276224155
2,longboard,Lee et al.,SSIM,0.9055311201
3,lady-running,Lee et al.,SSIM,0.9287626276
4,cat-girl,Lee et al.,SSIM,0.8990953385
5,walking,Lee et al.,SSIM,0.9231673185
6,scooter-black,Lee et al.,SSIM,0.9013147052
7,dogs-scale,Lee et al.,SSIM,0.9417595872
8,rallye,Lee et al.,SSIM,0.8766413236
9,motorbike,Lee et al.,SSIM,0.921083479
10,drift-straight,Lee et al.,SSIM,0.9119589747
11,mallard-water,Lee et al.,SSIM,0.8869883767
12,scooter-board,Lee et al.,SSIM,0.9485328694
13,bear,Lee et al.,SSIM,0.8809299752
14,varanus-cage,Lee et al.,SSIM,0.9081192163
15,horsejump-low,Lee et al.,SSIM,0.8744139771
16,schoolgirls,Lee et al.,SSIM,0.830559563
17,car-turn,Lee et al.,SSIM,0.9043304472
18,motocross-jump,Lee et al.,SSIM,0.9518108206
19,car-shadow,Lee et al.,SSIM,0.9285876458
20,tennis,Lee et al.,SSIM,0.9327552771
21,crossing,Lee et al.,SSIM,0.865310737
22,bus,Lee et al.,SSIM,0.9113119971
23,motocross-bumps,Lee et al.,SSIM,0.9220689274
24,train,Lee et al.,SSIM,0.8708050007
25,camel,Lee et al.,SSIM,0.8856963159
26,breakdance,Lee et al.,SSIM,0.8701236238
27,mallard-fly,Lee et al.,SSIM,0.8917513581
28,upside-down,Lee et al.,SSIM,0.9175552726
29,classic-car,Lee et al.,SSIM,0.9239998744
30,gold-fish,Lee et al.,SSIM,0.9366375598
31,bike-packing,Lee et al.,SSIM,0.8999732601
32,paragliding-launch,Lee et al.,SSIM,0.9131115764
33,bmx-trees,Lee et al.,SSIM,0.9189966957
34,flamingo,Lee et al.,SSIM,0.9134926365
35,tractor-sand,Lee et al.,SSIM,0.9331192597
36,dogs-jump,Lee et al.,SSIM,0.9429121583
37,horsejump-high,Lee et al.,SSIM,0.9216484137
38,dog-agility,Lee et al.,SSIM,0.9046638723
39,disc-jockey,Lee et al.,SSIM,0.9805068736
40,hike,Lee et al.,SSIM,0.8669347685
41,miami-surf,Lee et al.,SSIM,0.9633567753
42,dance-jump,Lee et al.,SSIM,0.898906836
43,lindy-hop,Lee et al.,SSIM,0.9242876098
44,tuk-tuk,Lee et al.,SSIM,0.9139909582
45,judo,Lee et al.,SSIM,0.9426202598
46,blackswan,Lee et al.,SSIM,0.897648547
47,boat,Lee et al.,SSIM,0.9272364815
48,car-roundabout,Lee et al.,SSIM,0.911870851
49,loading,Lee et al.,SSIM,0.9226352795
50,night-race,Lee et al.,SSIM,0.9523238533
51,dancing,Lee et al.,SSIM,0.8905583487
52,paragliding,Lee et al.,SSIM,0.9224334054
53,kite-walk,Lee et al.,SSIM,0.9350201054
54,libby,Lee et al.,SSIM,0.9096083206
55,drift-turn,Lee et al.,SSIM,0.9093177659
56,rollerblade,Lee et al.,SSIM,0.8944498466
57,kid-football,Lee et al.,SSIM,0.9401052175
58,drift-chicane,Lee et al.,SSIM,0.9336861861
59,lucia,Lee et al.,SSIM,0.8839346245
60,color-run,Lee et al.,SSIM,0.9567689792
61,lab-coat,Lee et al.,SSIM,0.9143058704
62,hockey,Lee et al.,SSIM,0.9327458069
63,elephant,Lee et al.,SSIM,0.9112466419
64,dog-gooses,Lee et al.,SSIM,0.9058280699
65,planes-water,Lee et al.,SSIM,0.9682279684
66,india,Lee et al.,SSIM,0.9331196745
67,dog,Lee et al.,SSIM,0.8966910927
68,swing,Lee et al.,SSIM,0.8995835805
69,kite-surf,Lee et al.,SSIM,0.9287715511
70,mbike-trick,Lee et al.,SSIM,0.9327287552
71,pigs,Lee et al.,SSIM,0.903235926
72,breakdance-flare,Lee et al.,SSIM,0.8867908839
1,boxing-fisheye,Huang et al.,SSIM,0.9235288415
2,longboard,Huang et al.,SSIM,0.9214885444
3,lady-running,Huang et al.,SSIM,0.9404738441
4,cat-girl,Huang et al.,SSIM,0.908801057
5,walking,Huang et al.,SSIM,0.9086328721
6,scooter-black,Huang et al.,SSIM,0.908393866
7,dogs-scale,Huang et al.,SSIM,0.9183026233
8,rallye,Huang et al.,SSIM,0.8754428516
9,motorbike,Huang et al.,SSIM,0.9119710949
10,drift-straight,Huang et al.,SSIM,0.8999966145
11,mallard-water,Huang et al.,SSIM,0.8735384499
12,scooter-board,Huang et al.,SSIM,0.9259402473
13,bear,Huang et al.,SSIM,0.9508556583
14,varanus-cage,Huang et al.,SSIM,0.9163797452
15,horsejump-low,Huang et al.,SSIM,0.916192055
16,schoolgirls,Huang et al.,SSIM,0.8324174004
17,car-turn,Huang et al.,SSIM,0.9227084705
18,motocross-jump,Huang et al.,SSIM,0.9178667985
19,car-shadow,Huang et al.,SSIM,0.9348405837
20,tennis,Huang et al.,SSIM,0.9200158569
21,crossing,Huang et al.,SSIM,0.8526091439
22,bus,Huang et al.,SSIM,0.9241366759
23,motocross-bumps,Huang et al.,SSIM,0.9109721751
24,train,Huang et al.,SSIM,0.9368157837
25,camel,Huang et al.,SSIM,0.9440868995
26,breakdance,Huang et al.,SSIM,0.8493663243
27,mallard-fly,Huang et al.,SSIM,0.9042260103
28,upside-down,Huang et al.,SSIM,0.9008113812
29,classic-car,Huang et al.,SSIM,0.9010823479
30,gold-fish,Huang et al.,SSIM,0.9090838364
31,bike-packing,Huang et al.,SSIM,0.8871144554
32,paragliding-launch,Huang et al.,SSIM,0.9325206928
33,bmx-trees,Huang et al.,SSIM,0.9432038627
34,flamingo,Huang et al.,SSIM,0.9311461133
35,tractor-sand,Huang et al.,SSIM,0.9261391757
36,dogs-jump,Huang et al.,SSIM,0.9280333562
37,horsejump-high,Huang et al.,SSIM,0.9327600284
38,dog-agility,Huang et al.,SSIM,0.8746352441
39,disc-jockey,Huang et al.,SSIM,0.9501104056
40,hike,Huang et al.,SSIM,0.953694114
41,miami-surf,Huang et al.,SSIM,0.9475019009
42,dance-jump,Huang et al.,SSIM,0.9343944542
43,lindy-hop,Huang et al.,SSIM,0.9053709992
44,tuk-tuk,Huang et al.,SSIM,0.8995089627
45,judo,Huang et al.,SSIM,0.9273064557
46,blackswan,Huang et al.,SSIM,0.9286458705
47,boat,Huang et al.,SSIM,0.9175559306
48,car-roundabout,Huang et al.,SSIM,0.9304132362
49,loading,Huang et al.,SSIM,0.9363538726
50,night-race,Huang et al.,SSIM,0.9463448854
51,dancing,Huang et al.,SSIM,0.8715090417
52,paragliding,Huang et al.,SSIM,0.9517361843
53,kite-walk,Huang et al.,SSIM,0.9180184295
54,libby,Huang et al.,SSIM,0.9297626464
55,drift-turn,Huang et al.,SSIM,0.8975420571
56,rollerblade,Huang et al.,SSIM,0.8953765601
57,kid-football,Huang et al.,SSIM,0.9271208309
58,drift-chicane,Huang et al.,SSIM,0.91347968
59,lucia,Huang et al.,SSIM,0.9573325657
60,color-run,Huang et al.,SSIM,0.9313966765
61,lab-coat,Huang et al.,SSIM,0.9140112748
62,hockey,Huang et al.,SSIM,0.9334606288
63,elephant,Huang et al.,SSIM,0.9392456478
64,dog-gooses,Huang et al.,SSIM,0.9206659935
65,planes-water,Huang et al.,SSIM,0.9470301082
66,india,Huang et al.,SSIM,0.9379072758
67,dog,Huang et al.,SSIM,0.9269252201
68,swing,Huang et al.,SSIM,0.9261573931
69,kite-surf,Huang et al.,SSIM,0.9071365198
70,mbike-trick,Huang et al.,SSIM,0.9229261986
71,pigs,Huang et al.,SSIM,0.9325744066
72,breakdance-flare,Huang et al.,SSIM,0.9219596582
1,boxing-fisheye,Xu et al.,SSIM,0.9241334874
2,longboard,Xu et al.,SSIM,0.9288004743
3,lady-running,Xu et al.,SSIM,0.9358815088
4,cat-girl,Xu et al.,SSIM,0.9192735893
5,walking,Xu et al.,SSIM,0.9237757669
6,scooter-black,Xu et al.,SSIM,0.9168676264
7,dogs-scale,Xu et al.,SSIM,0.92502318
8,rallye,Xu et al.,SSIM,0.8868193495
9,motorbike,Xu et al.,SSIM,0.9410928709
10,drift-straight,Xu et al.,SSIM,0.9315072267
11,mallard-water,Xu et al.,SSIM,0.8705987753
12,scooter-board,Xu et al.,SSIM,0.940566601
13,bear,Xu et al.,SSIM,0.8977752745
14,varanus-cage,Xu et al.,SSIM,0.9166457901
15,horsejump-low,Xu et al.,SSIM,0.9144995065
16,schoolgirls,Xu et al.,SSIM,0.8518807157
17,car-turn,Xu et al.,SSIM,0.9143411664
18,motocross-jump,Xu et al.,SSIM,0.9481259777
19,car-shadow,Xu et al.,SSIM,0.9356448607
20,tennis,Xu et al.,SSIM,0.9464010768
21,crossing,Xu et al.,SSIM,0.8877957229
22,bus,Xu et al.,SSIM,0.9390687477
23,motocross-bumps,Xu et al.,SSIM,0.9416936962
24,train,Xu et al.,SSIM,0.918521812
25,camel,Xu et al.,SSIM,0.9055444247
26,breakdance,Xu et al.,SSIM,0.8770807574
27,mallard-fly,Xu et al.,SSIM,0.9266849381
28,upside-down,Xu et al.,SSIM,0.914387439
29,classic-car,Xu et al.,SSIM,0.9207648288
30,gold-fish,Xu et al.,SSIM,0.9321273119
31,bike-packing,Xu et al.,SSIM,0.8888429952
32,paragliding-launch,Xu et al.,SSIM,0.9446260914
33,bmx-trees,Xu et al.,SSIM,0.9391628138
34,flamingo,Xu et al.,SSIM,0.9238721528
35,tractor-sand,Xu et al.,SSIM,0.9309585701
36,dogs-jump,Xu et al.,SSIM,0.9377498672
37,horsejump-high,Xu et al.,SSIM,0.9406280038
38,dog-agility,Xu et al.,SSIM,0.8950807242
39,disc-jockey,Xu et al.,SSIM,0.9282847213
40,hike,Xu et al.,SSIM,0.9154929405
41,miami-surf,Xu et al.,SSIM,0.9388838437
42,dance-jump,Xu et al.,SSIM,0.9194638706
43,lindy-hop,Xu et al.,SSIM,0.9064711488
44,tuk-tuk,Xu et al.,SSIM,0.9084427771
45,judo,Xu et al.,SSIM,0.9374839495
46,blackswan,Xu et al.,SSIM,0.9208329833
47,boat,Xu et al.,SSIM,0.9231701587
48,car-roundabout,Xu et al.,SSIM,0.9356232423
49,loading,Xu et al.,SSIM,0.9315393865
50,night-race,Xu et al.,SSIM,0.9346130746
51,dancing,Xu et al.,SSIM,0.8757475951
52,paragliding,Xu et al.,SSIM,0.9463679511
53,kite-walk,Xu et al.,SSIM,0.9332893481
54,libby,Xu et al.,SSIM,0.9348153044
55,drift-turn,Xu et al.,SSIM,0.9340058616
56,rollerblade,Xu et al.,SSIM,0.9099331727
57,kid-football,Xu et al.,SSIM,0.9289703939
58,drift-chicane,Xu et al.,SSIM,0.9167102278
59,lucia,Xu et al.,SSIM,0.9183423296
60,color-run,Xu et al.,SSIM,0.9248612006
61,lab-coat,Xu et al.,SSIM,0.9209156494
62,hockey,Xu et al.,SSIM,0.9388117214
63,elephant,Xu et al.,SSIM,0.9304751761
64,dog-gooses,Xu et al.,SSIM,0.9010859911
65,planes-water,Xu et al.,SSIM,0.9383142533
66,india,Xu et al.,SSIM,0.9427924418
67,dog,Xu et al.,SSIM,0.9295466396
68,swing,Xu et al.,SSIM,0.9366478223
69,kite-surf,Xu et al.,SSIM,0.9268003966
70,mbike-trick,Xu et al.,SSIM,0.9164470448
71,pigs,Xu et al.,SSIM,0.9192166814
72,breakdance-flare,Xu et al.,SSIM,0.8989672872
1,boxing-fisheye,Newson et al.,SSIM,0.9102021023
2,longboard,Newson et al.,SSIM,0.8905858452
3,lady-running,Newson et al.,SSIM,0.9200551071
4,cat-girl,Newson et al.,SSIM,0.8743953271
5,walking,Newson et al.,SSIM,0.9063041923
6,scooter-black,Newson et al.,SSIM,0.9002535047
7,dogs-scale,Newson et al.,SSIM,0.9120724693
8,rallye,Newson et al.,SSIM,0.8760280265
9,motorbike,Newson et al.,SSIM,0.9146676335
10,drift-straight,Newson et al.,SSIM,0.8885222672
11,mallard-water,Newson et al.,SSIM,0.8755786432
12,scooter-board,Newson et al.,SSIM,0.9227020949
13,bear,Newson et al.,SSIM,0.8879805793
14,varanus-cage,Newson et al.,SSIM,0.8841341126
15,horsejump-low,Newson et al.,SSIM,0.8668467895
16,schoolgirls,Newson et al.,SSIM,0.8366270655
17,car-turn,Newson et al.,SSIM,0.8912469466
18,motocross-jump,Newson et al.,SSIM,0.9214246867
19,car-shadow,Newson et al.,SSIM,0.924129216
20,tennis,Newson et al.,SSIM,0.9077471439
21,crossing,Newson et al.,SSIM,0.8677833305
22,bus,Newson et al.,SSIM,0.8950259684
23,motocross-bumps,Newson et al.,SSIM,0.906345419
24,train,Newson et al.,SSIM,0.8821719615
25,camel,Newson et al.,SSIM,0.8835525049
26,breakdance,Newson et al.,SSIM,0.8590130556
27,mallard-fly,Newson et al.,SSIM,0.8687042286
28,upside-down,Newson et al.,SSIM,0.8930489513
29,classic-car,Newson et al.,SSIM,0.908978744
30,gold-fish,Newson et al.,SSIM,0.9000687762
31,bike-packing,Newson et al.,SSIM,0.8815343301
32,paragliding-launch,Newson et al.,SSIM,0.8904007379
33,bmx-trees,Newson et al.,SSIM,0.8819652763
34,flamingo,Newson et al.,SSIM,0.9058934853
35,tractor-sand,Newson et al.,SSIM,0.8948828069
36,dogs-jump,Newson et al.,SSIM,0.9188857425
37,horsejump-high,Newson et al.,SSIM,0.9017246935
38,dog-agility,Newson et al.,SSIM,0.8723025144
39,disc-jockey,Newson et al.,SSIM,0.9583924536
40,hike,Newson et al.,SSIM,0.8831504357
41,miami-surf,Newson et al.,SSIM,0.950012695
42,dance-jump,Newson et al.,SSIM,0.8693691807
43,lindy-hop,Newson et al.,SSIM,0.8971807619
44,tuk-tuk,Newson et al.,SSIM,0.8906442109
45,judo,Newson et al.,SSIM,0.9268936711
46,blackswan,Newson et al.,SSIM,0.8958768545
47,boat,Newson et al.,SSIM,0.9088403401
48,car-roundabout,Newson et al.,SSIM,0.9134729734
49,loading,Newson et al.,SSIM,0.9033338728
50,night-race,Newson et al.,SSIM,0.9413945044
51,dancing,Newson et al.,SSIM,0.8655408627
52,paragliding,Newson et al.,SSIM,0.8919584165
53,kite-walk,Newson et al.,SSIM,0.9019163403
54,libby,Newson et al.,SSIM,0.9039572567
55,drift-turn,Newson et al.,SSIM,0.8981322902
56,rollerblade,Newson et al.,SSIM,0.8826259081
57,kid-football,Newson et al.,SSIM,0.9244784733
58,drift-chicane,Newson et al.,SSIM,0.916748272
59,lucia,Newson et al.,SSIM,0.8964081645
60,color-run,Newson et al.,SSIM,0.9293548348
61,lab-coat,Newson et al.,SSIM,0.8978652101
62,hockey,Newson et al.,SSIM,0.905488669
63,elephant,Newson et al.,SSIM,0.9034172835
64,dog-gooses,Newson et al.,SSIM,0.8749428799
65,planes-water,Newson et al.,SSIM,0.946052269
66,india,Newson et al.,SSIM,0.916812599
67,dog,Newson et al.,SSIM,0.869550152
68,swing,Newson et al.,SSIM,0.8833749774
69,kite-surf,Newson et al.,SSIM,0.9057123602
70,mbike-trick,Newson et al.,SSIM,0.917554269
71,pigs,Newson et al.,SSIM,0.9000472774
72,breakdance-flare,Newson et al.,SSIM,0.8622447349
1,boxing-fisheye,Kim et al.,SSIM,0.8170951111
2,longboard,Kim et al.,SSIM,0.8124634421
3,lady-running,Kim et al.,SSIM,0.8795289949
4,cat-girl,Kim et al.,SSIM,0.8098470887
5,walking,Kim et al.,SSIM,0.83711224
6,scooter-black,Kim et al.,SSIM,0.8041017607
7,dogs-scale,Kim et al.,SSIM,0.8559409069
8,rallye,Kim et al.,SSIM,0.6638227534
9,motorbike,Kim et al.,SSIM,0.8220598252
10,drift-straight,Kim et al.,SSIM,0.8385974426
11,mallard-water,Kim et al.,SSIM,0.769706055
12,scooter-board,Kim et al.,SSIM,0.8792941596
13,bear,Kim et al.,SSIM,0.6647311799
14,varanus-cage,Kim et al.,SSIM,0.7508375161
15,horsejump-low,Kim et al.,SSIM,0.6696498792
16,schoolgirls,Kim et al.,SSIM,0.5037197889
17,car-turn,Kim et al.,SSIM,0.7427727945
18,motocross-jump,Kim et al.,SSIM,0.8774928611
19,car-shadow,Kim et al.,SSIM,0.8246329371
20,tennis,Kim et al.,SSIM,0.8380967881
21,crossing,Kim et al.,SSIM,0.6329653297
22,bus,Kim et al.,SSIM,0.8080373722
23,motocross-bumps,Kim et al.,SSIM,0.8456771847
24,train,Kim et al.,SSIM,0.7026488543
25,camel,Kim et al.,SSIM,0.6574815631
26,breakdance,Kim et al.,SSIM,0.6873329578
27,mallard-fly,Kim et al.,SSIM,0.772756305
28,upside-down,Kim et al.,SSIM,0.782511164
29,classic-car,Kim et al.,SSIM,0.8200098552
30,gold-fish,Kim et al.,SSIM,0.83572476
31,bike-packing,Kim et al.,SSIM,0.6952915851
32,paragliding-launch,Kim et al.,SSIM,0.7716027074
33,bmx-trees,Kim et al.,SSIM,0.8178009393
34,flamingo,Kim et al.,SSIM,0.7863429301
35,tractor-sand,Kim et al.,SSIM,0.7748145612
36,dogs-jump,Kim et al.,SSIM,0.8174460957
37,horsejump-high,Kim et al.,SSIM,0.8092295047
38,dog-agility,Kim et al.,SSIM,0.7176008144
39,disc-jockey,Kim et al.,SSIM,0.9406691477
40,hike,Kim et al.,SSIM,0.6229912071
41,miami-surf,Kim et al.,SSIM,0.9256083098
42,dance-jump,Kim et al.,SSIM,0.7653340378
43,lindy-hop,Kim et al.,SSIM,0.8042258248
44,tuk-tuk,Kim et al.,SSIM,0.7871570586
45,judo,Kim et al.,SSIM,0.8659156824
46,blackswan,Kim et al.,SSIM,0.7846865773
47,boat,Kim et al.,SSIM,0.7925621833
48,car-roundabout,Kim et al.,SSIM,0.7781194702
49,loading,Kim et al.,SSIM,0.8231640678
50,night-race,Kim et al.,SSIM,0.8662853334
51,dancing,Kim et al.,SSIM,0.7473917507
52,paragliding,Kim et al.,SSIM,0.8096308879
53,kite-walk,Kim et al.,SSIM,0.8342336868
54,libby,Kim et al.,SSIM,0.8505398333
55,drift-turn,Kim et al.,SSIM,0.7797057638
56,rollerblade,Kim et al.,SSIM,0.7249365528
57,kid-football,Kim et al.,SSIM,0.8181836427
58,drift-chicane,Kim et al.,SSIM,0.8111011733
59,lucia,Kim et al.,SSIM,0.6919726839
60,color-run,Kim et al.,SSIM,0.8874894418
61,lab-coat,Kim et al.,SSIM,0.7910562476
62,hockey,Kim et al.,SSIM,0.8441448375
63,elephant,Kim et al.,SSIM,0.7442616833
64,dog-gooses,Kim et al.,SSIM,0.6385852378
65,planes-water,Kim et al.,SSIM,0.9265014463
66,india,Kim et al.,SSIM,0.8733545898
67,dog,Kim et al.,SSIM,0.8096621768
68,swing,Kim et al.,SSIM,0.797698777
69,kite-surf,Kim et al.,SSIM,0.8275692674
70,mbike-trick,Kim et al.,SSIM,0.782907994
71,pigs,Kim et al.,SSIM,0.7665819966
72,breakdance-flare,Kim et al.,SSIM,0.6296896814
1,boxing-fisheye,Oh et al.,SSIM,0.9226206658
2,longboard,Oh et al.,SSIM,0.905500833
3,lady-running,Oh et al.,SSIM,0.945501174
4,cat-girl,Oh et al.,SSIM,0.9115268086
5,walking,Oh et al.,SSIM,0.9324136173
6,scooter-black,Oh et al.,SSIM,0.8938859106
7,dogs-scale,Oh et al.,SSIM,0.936707671
8,rallye,Oh et al.,SSIM,0.8175570622
9,motorbike,Oh et al.,SSIM,0.9152051461
10,drift-straight,Oh et al.,SSIM,0.9102693845
11,mallard-water,Oh et al.,SSIM,0.8746228817
12,scooter-board,Oh et al.,SSIM,0.938709222
13,bear,Oh et al.,SSIM,0.847746439
14,varanus-cage,Oh et al.,SSIM,0.8769371729
15,horsejump-low,Oh et al.,SSIM,0.8314182884
16,schoolgirls,Oh et al.,SSIM,0.7161775334
17,car-turn,Oh et al.,SSIM,0.8767469535
18,motocross-jump,Oh et al.,SSIM,0.9487381433
19,car-shadow,Oh et al.,SSIM,0.9125985178
20,tennis,Oh et al.,SSIM,0.9281487779
21,crossing,Oh et al.,SSIM,0.792636736
22,bus,Oh et al.,SSIM,0.908213228
23,motocross-bumps,Oh et al.,SSIM,0.9240639331
24,train,Oh et al.,SSIM,0.8682169048
25,camel,Oh et al.,SSIM,0.8538773295
26,breakdance,Oh et al.,SSIM,0.8371715243
27,mallard-fly,Oh et al.,SSIM,0.886713198
28,upside-down,Oh et al.,SSIM,0.8870317918
29,classic-car,Oh et al.,SSIM,0.9162038024
30,gold-fish,Oh et al.,SSIM,0.9338385566
31,bike-packing,Oh et al.,SSIM,0.8458824295
32,paragliding-launch,Oh et al.,SSIM,0.8924746504
33,bmx-trees,Oh et al.,SSIM,0.906193654
34,flamingo,Oh et al.,SSIM,0.8993466195
35,tractor-sand,Oh et al.,SSIM,0.8911956845
36,dogs-jump,Oh et al.,SSIM,0.9097048176
37,horsejump-high,Oh et al.,SSIM,0.9032707004
38,dog-agility,Oh et al.,SSIM,0.893734258
39,disc-jockey,Oh et al.,SSIM,0.981710579
40,hike,Oh et al.,SSIM,0.8054257489
41,miami-surf,Oh et al.,SSIM,0.9644839692
42,dance-jump,Oh et al.,SSIM,0.8871595376
43,lindy-hop,Oh et al.,SSIM,0.9065885716
44,tuk-tuk,Oh et al.,SSIM,0.8992673765
45,judo,Oh et al.,SSIM,0.9360465872
46,blackswan,Oh et al.,SSIM,0.8967687479
47,boat,Oh et al.,SSIM,0.8920022334
48,car-roundabout,Oh et al.,SSIM,0.8887744808
49,loading,Oh et al.,SSIM,0.9237405452
50,night-race,Oh et al.,SSIM,0.9527631062
51,dancing,Oh et al.,SSIM,0.881730639
52,paragliding,Oh et al.,SSIM,0.9166087486
53,kite-walk,Oh et al.,SSIM,0.9174608837
54,libby,Oh et al.,SSIM,0.9136373362
55,drift-turn,Oh et al.,SSIM,0.8824005569
56,rollerblade,Oh et al.,SSIM,0.8659879984
57,kid-football,Oh et al.,SSIM,0.9073888654
58,drift-chicane,Oh et al.,SSIM,0.9023571198
59,lucia,Oh et al.,SSIM,0.8689692754
60,color-run,Oh et al.,SSIM,0.9554726125
61,lab-coat,Oh et al.,SSIM,0.8938317774
62,hockey,Oh et al.,SSIM,0.927324072
63,elephant,Oh et al.,SSIM,0.8800663504
64,dog-gooses,Oh et al.,SSIM,0.7963787412
65,planes-water,Oh et al.,SSIM,0.9634373007
66,india,Oh et al.,SSIM,0.9444237968
67,dog,Oh et al.,SSIM,0.9002401088
68,swing,Oh et al.,SSIM,0.9066174282
69,kite-surf,Oh et al.,SSIM,0.9048537151
70,mbike-trick,Oh et al.,SSIM,0.8818310636
71,pigs,Oh et al.,SSIM,0.8880182674
72,breakdance-flare,Oh et al.,SSIM,0.8205972802
1,boxing-fisheye,Our Result,LPIPS,0.03445502298
2,longboard,Our Result,LPIPS,0.05762036711
3,lady-running,Our Result,LPIPS,0.03040387257
4,cat-girl,Our Result,LPIPS,0.03648957077
5,walking,Our Result,LPIPS,0.05673624219
6,scooter-black,Our Result,LPIPS,0.04241277064
7,dogs-scale,Our Result,LPIPS,0.0466055156
8,rallye,Our Result,LPIPS,0.1567075104
9,motorbike,Our Result,LPIPS,0.02846173474
10,drift-straight,Our Result,LPIPS,0.03517767559
11,mallard-water,Our Result,LPIPS,0.08747884325
12,scooter-board,Our Result,LPIPS,0.03493499523
13,bear,Our Result,LPIPS,0.03249593121
14,varanus-cage,Our Result,LPIPS,0.04796511944
15,horsejump-low,Our Result,LPIPS,0.03071236951
16,schoolgirls,Our Result,LPIPS,0.113160652
17,car-turn,Our Result,LPIPS,0.02895851323
18,motocross-jump,Our Result,LPIPS,0.05669603345
19,car-shadow,Our Result,LPIPS,0.01847726697
20,tennis,Our Result,LPIPS,0.02034453345
21,crossing,Our Result,LPIPS,0.09651848406
22,bus,Our Result,LPIPS,0.03392723659
23,motocross-bumps,Our Result,LPIPS,0.05037704733
24,train,Our Result,LPIPS,0.02786901393
25,camel,Our Result,LPIPS,0.02636268252
26,breakdance,Our Result,LPIPS,0.1072577628
27,mallard-fly,Our Result,LPIPS,0.0461885292
28,upside-down,Our Result,LPIPS,0.04843860542
29,classic-car,Our Result,LPIPS,0.05338922485
30,gold-fish,Our Result,LPIPS,0.03919781847
31,bike-packing,Our Result,LPIPS,0.06792686607
32,paragliding-launch,Our Result,LPIPS,0.02259276318
33,bmx-trees,Our Result,LPIPS,0.02579118599
34,flamingo,Our Result,LPIPS,0.03658964256
35,tractor-sand,Our Result,LPIPS,0.0225970358
36,dogs-jump,Our Result,LPIPS,0.04789771611
37,horsejump-high,Our Result,LPIPS,0.02331602538
38,dog-agility,Our Result,LPIPS,0.1006624799
39,disc-jockey,Our Result,LPIPS,0.03260734924
40,hike,Our Result,LPIPS,0.03044993891
41,miami-surf,Our Result,LPIPS,0.03222572927
42,dance-jump,Our Result,LPIPS,0.04155402553
43,lindy-hop,Our Result,LPIPS,0.06023979292
44,tuk-tuk,Our Result,LPIPS,0.05850219563
45,judo,Our Result,LPIPS,0.08659266168
46,blackswan,Our Result,LPIPS,0.03761973465
47,boat,Our Result,LPIPS,0.04106218934
48,car-roundabout,Our Result,LPIPS,0.02606057562
49,loading,Our Result,LPIPS,0.02920877885
50,night-race,Our Result,LPIPS,0.03662313847
51,dancing,Our Result,LPIPS,0.08134442021
52,paragliding,Our Result,LPIPS,0.01970537337
53,kite-walk,Our Result,LPIPS,0.0338677108
54,libby,Our Result,LPIPS,0.02175331068
55,drift-turn,Our Result,LPIPS,0.04603442243
56,rollerblade,Our Result,LPIPS,0.06742595757
57,kid-football,Our Result,LPIPS,0.06728155143
58,drift-chicane,Our Result,LPIPS,0.1196699573
59,lucia,Our Result,LPIPS,0.02200049504
60,color-run,Our Result,LPIPS,0.04544948462
61,lab-coat,Our Result,LPIPS,0.04178375966
62,hockey,Our Result,LPIPS,0.02759207402
63,elephant,Our Result,LPIPS,0.02878603903
64,dog-gooses,Our Result,LPIPS,0.04431417762
65,planes-water,Our Result,LPIPS,0.107890847
66,india,Our Result,LPIPS,0.03473097878
67,dog,Our Result,LPIPS,0.06279297571
68,swing,Our Result,LPIPS,0.02426158351
69,kite-surf,Our Result,LPIPS,0.04205491809
70,mbike-trick,Our Result,LPIPS,0.0455431606
71,pigs,Our Result,LPIPS,0.04445161477
72,breakdance-flare,Our Result,LPIPS,0.06283751281
1,boxing-fisheye,Lee et al.,LPIPS,0.08954660691
2,longboard,Lee et al.,LPIPS,0.1309783025
3,lady-running,Lee et al.,LPIPS,0.09310394573
4,cat-girl,Lee et al.,LPIPS,0.1167197364
5,walking,Lee et al.,LPIPS,0.1030703819
6,scooter-black,Lee et al.,LPIPS,0.1059215696
7,dogs-scale,Lee et al.,LPIPS,0.09087919223
8,rallye,Lee et al.,LPIPS,0.1389643378
9,motorbike,Lee et al.,LPIPS,0.140310324
10,drift-straight,Lee et al.,LPIPS,0.08582694603
11,mallard-water,Lee et al.,LPIPS,0.1281803929
12,scooter-board,Lee et al.,LPIPS,0.07810831903
13,bear,Lee et al.,LPIPS,0.1409479987
14,varanus-cage,Lee et al.,LPIPS,0.1125792095
15,horsejump-low,Lee et al.,LPIPS,0.1551136657
16,schoolgirls,Lee et al.,LPIPS,0.1639555565
17,car-turn,Lee et al.,LPIPS,0.1528226628
18,motocross-jump,Lee et al.,LPIPS,0.09183498756
19,car-shadow,Lee et al.,LPIPS,0.1182439131
20,tennis,Lee et al.,LPIPS,0.1097306333
21,crossing,Lee et al.,LPIPS,0.138140015
22,bus,Lee et al.,LPIPS,0.1218810879
23,motocross-bumps,Lee et al.,LPIPS,0.1242233846
24,train,Lee et al.,LPIPS,0.1348758844
25,camel,Lee et al.,LPIPS,0.1344090874
26,breakdance,Lee et al.,LPIPS,0.1350095281
27,mallard-fly,Lee et al.,LPIPS,0.1325974459
28,upside-down,Lee et al.,LPIPS,0.09708511989
29,classic-car,Lee et al.,LPIPS,0.1038160584
30,gold-fish,Lee et al.,LPIPS,0.1028063015
31,bike-packing,Lee et al.,LPIPS,0.1193010334
32,paragliding-launch,Lee et al.,LPIPS,0.1603799084
33,bmx-trees,Lee et al.,LPIPS,0.08915926
34,flamingo,Lee et al.,LPIPS,0.1260916234
35,tractor-sand,Lee et al.,LPIPS,0.1185910727
36,dogs-jump,Lee et al.,LPIPS,0.1156706662
37,horsejump-high,Lee et al.,LPIPS,0.1040904154
38,dog-agility,Lee et al.,LPIPS,0.1109849678
39,disc-jockey,Lee et al.,LPIPS,0.04617280719
40,hike,Lee et al.,LPIPS,0.1484578153
41,miami-surf,Lee et al.,LPIPS,0.06230453385
42,dance-jump,Lee et al.,LPIPS,0.1518704087
43,lindy-hop,Lee et al.,LPIPS,0.1086393031
44,tuk-tuk,Lee et al.,LPIPS,0.1015770012
45,judo,Lee et al.,LPIPS,0.08525473252
46,blackswan,Lee et al.,LPIPS,0.1256264118
47,boat,Lee et al.,LPIPS,0.1054398209
48,car-roundabout,Lee et al.,LPIPS,0.09371779737
49,loading,Lee et al.,LPIPS,0.08428903879
50,night-race,Lee et al.,LPIPS,0.07436598177
51,dancing,Lee et al.,LPIPS,0.1289633522
52,paragliding,Lee et al.,LPIPS,0.1563112712
53,kite-walk,Lee et al.,LPIPS,0.1122832037
54,libby,Lee et al.,LPIPS,0.1428278317
55,drift-turn,Lee et al.,LPIPS,0.1334878236
56,rollerblade,Lee et al.,LPIPS,0.1452948555
57,kid-football,Lee et al.,LPIPS,0.1065967776
58,drift-chicane,Lee et al.,LPIPS,0.1132807533
59,lucia,Lee et al.,LPIPS,0.1399629859
60,color-run,Lee et al.,LPIPS,0.06220847432
61,lab-coat,Lee et al.,LPIPS,0.1221985636
62,hockey,Lee et al.,LPIPS,0.1135519477
63,elephant,Lee et al.,LPIPS,0.1269638717
64,dog-gooses,Lee et al.,LPIPS,0.1351176933
65,planes-water,Lee et al.,LPIPS,0.07394224881
66,india,Lee et al.,LPIPS,0.1047647761
67,dog,Lee et al.,LPIPS,0.1358958869
68,swing,Lee et al.,LPIPS,0.1406034326
69,kite-surf,Lee et al.,LPIPS,0.1047577336
70,mbike-trick,Lee et al.,LPIPS,0.1098019579
71,pigs,Lee et al.,LPIPS,0.1395527582
72,breakdance-flare,Lee et al.,LPIPS,0.1797436122
1,boxing-fisheye,Huang et al.,LPIPS,0.05772550071
2,longboard,Huang et al.,LPIPS,0.09411993414
3,lady-running,Huang et al.,LPIPS,0.05487654062
4,cat-girl,Huang et al.,LPIPS,0.07615810016
5,walking,Huang et al.,LPIPS,0.1086825682
6,scooter-black,Huang et al.,LPIPS,0.08876764883
7,dogs-scale,Huang et al.,LPIPS,0.09293071043
8,rallye,Huang et al.,LPIPS,0.132675147
9,motorbike,Huang et al.,LPIPS,0.08490437133
10,drift-straight,Huang et al.,LPIPS,0.08690199167
11,mallard-water,Huang et al.,LPIPS,0.1194831225
12,scooter-board,Huang et al.,LPIPS,0.1110143538
13,bear,Huang et al.,LPIPS,0.03946186523
14,varanus-cage,Huang et al.,LPIPS,0.08131845376
15,horsejump-low,Huang et al.,LPIPS,0.05772189089
16,schoolgirls,Huang et al.,LPIPS,0.1492907222
17,car-turn,Huang et al.,LPIPS,0.06124057516
18,motocross-jump,Huang et al.,LPIPS,0.12796712
19,car-shadow,Huang et al.,LPIPS,0.06770842434
20,tennis,Huang et al.,LPIPS,0.06913115687
21,crossing,Huang et al.,LPIPS,0.1601450244
22,bus,Huang et al.,LPIPS,0.05978122368
23,motocross-bumps,Huang et al.,LPIPS,0.08126248207
24,train,Huang et al.,LPIPS,0.03362353356
25,camel,Huang et al.,LPIPS,0.03215632869
26,breakdance,Huang et al.,LPIPS,0.1505126066
27,mallard-fly,Huang et al.,LPIPS,0.09691208497
28,upside-down,Huang et al.,LPIPS,0.09935352147
29,classic-car,Huang et al.,LPIPS,0.1265749578
30,gold-fish,Huang et al.,LPIPS,0.07161562287
31,bike-packing,Huang et al.,LPIPS,0.1157765933
32,paragliding-launch,Huang et al.,LPIPS,0.05293697281
33,bmx-trees,Huang et al.,LPIPS,0.04442379031
34,flamingo,Huang et al.,LPIPS,0.05461576165
35,tractor-sand,Huang et al.,LPIPS,0.06958618327
36,dogs-jump,Huang et al.,LPIPS,0.07983183197
37,horsejump-high,Huang et al.,LPIPS,0.05551592866
38,dog-agility,Huang et al.,LPIPS,0.1365518784
39,disc-jockey,Huang et al.,LPIPS,0.102310756
40,hike,Huang et al.,LPIPS,0.03210602545
41,miami-surf,Huang et al.,LPIPS,0.06525425038
42,dance-jump,Huang et al.,LPIPS,0.05757446234
43,lindy-hop,Huang et al.,LPIPS,0.08202681213
44,tuk-tuk,Huang et al.,LPIPS,0.1028376477
45,judo,Huang et al.,LPIPS,0.09535240964
46,blackswan,Huang et al.,LPIPS,0.05800480365
47,boat,Huang et al.,LPIPS,0.06442568477
48,car-roundabout,Huang et al.,LPIPS,0.05717654934
49,loading,Huang et al.,LPIPS,0.05134064188
50,night-race,Huang et al.,LPIPS,0.07462716577
51,dancing,Huang et al.,LPIPS,0.1187035228
52,paragliding,Huang et al.,LPIPS,0.04283676625
53,kite-walk,Huang et al.,LPIPS,0.05007978562
54,libby,Huang et al.,LPIPS,0.05745146733
55,drift-turn,Huang et al.,LPIPS,0.1189554146
56,rollerblade,Huang et al.,LPIPS,0.1078466757
57,kid-football,Huang et al.,LPIPS,0.1227071424
58,drift-chicane,Huang et al.,LPIPS,0.1157326743
59,lucia,Huang et al.,LPIPS,0.03094554649
60,color-run,Huang et al.,LPIPS,0.08471979383
61,lab-coat,Huang et al.,LPIPS,0.07838543802
62,hockey,Huang et al.,LPIPS,0.06660353862
63,elephant,Huang et al.,LPIPS,0.04501884211
64,dog-gooses,Huang et al.,LPIPS,0.05641028103
65,planes-water,Huang et al.,LPIPS,0.09378275648
66,india,Huang et al.,LPIPS,0.06438193036
67,dog,Huang et al.,LPIPS,0.09364381927
68,swing,Huang et al.,LPIPS,0.05421105072
69,kite-surf,Huang et al.,LPIPS,0.07897384418
70,mbike-trick,Huang et al.,LPIPS,0.08628414368
71,pigs,Huang et al.,LPIPS,0.06568036582
72,breakdance-flare,Huang et al.,LPIPS,0.07862040271
1,boxing-fisheye,Xu et al.,LPIPS,0.08303841335
2,longboard,Xu et al.,LPIPS,0.1037678204
3,lady-running,Xu et al.,LPIPS,0.09400265806
4,cat-girl,Xu et al.,LPIPS,0.07249930274
5,walking,Xu et al.,LPIPS,0.1011280008
6,scooter-black,Xu et al.,LPIPS,0.08266181808
7,dogs-scale,Xu et al.,LPIPS,0.1150728312
8,rallye,Xu et al.,LPIPS,0.149142575
9,motorbike,Xu et al.,LPIPS,0.06064651025
10,drift-straight,Xu et al.,LPIPS,0.07155636481
11,mallard-water,Xu et al.,LPIPS,0.1362644247
12,scooter-board,Xu et al.,LPIPS,0.1009112967
13,bear,Xu et al.,LPIPS,0.05214969432
14,varanus-cage,Xu et al.,LPIPS,0.07152973694
15,horsejump-low,Xu et al.,LPIPS,0.04960693515
16,schoolgirls,Xu et al.,LPIPS,0.12628248
17,car-turn,Xu et al.,LPIPS,0.07214593386
18,motocross-jump,Xu et al.,LPIPS,0.08553993261
19,car-shadow,Xu et al.,LPIPS,0.06737610159
20,tennis,Xu et al.,LPIPS,0.05064843735
21,crossing,Xu et al.,LPIPS,0.0969821611
22,bus,Xu et al.,LPIPS,0.05553559816
23,motocross-bumps,Xu et al.,LPIPS,0.05745665552
24,train,Xu et al.,LPIPS,0.04563414401
25,camel,Xu et al.,LPIPS,0.04755568805
26,breakdance,Xu et al.,LPIPS,0.1097874153
27,mallard-fly,Xu et al.,LPIPS,0.07100268952
28,upside-down,Xu et al.,LPIPS,0.09450589724
29,classic-car,Xu et al.,LPIPS,0.1040452594
30,gold-fish,Xu et al.,LPIPS,0.08449892803
31,bike-packing,Xu et al.,LPIPS,0.1000067773
32,paragliding-launch,Xu et al.,LPIPS,0.03662021267
33,bmx-trees,Xu et al.,LPIPS,0.05555460779
34,flamingo,Xu et al.,LPIPS,0.05732996614
35,tractor-sand,Xu et al.,LPIPS,0.05276144699
36,dogs-jump,Xu et al.,LPIPS,0.07840677007
37,horsejump-high,Xu et al.,LPIPS,0.0510860555
38,dog-agility,Xu et al.,LPIPS,0.1090153407
39,disc-jockey,Xu et al.,LPIPS,0.2022835284
40,hike,Xu et al.,LPIPS,0.03781531806
41,miami-surf,Xu et al.,LPIPS,0.1588294713
42,dance-jump,Xu et al.,LPIPS,0.06472855999
43,lindy-hop,Xu et al.,LPIPS,0.1187776873
44,tuk-tuk,Xu et al.,LPIPS,0.08909035552
45,judo,Xu et al.,LPIPS,0.09903369611
46,blackswan,Xu et al.,LPIPS,0.0590379963
47,boat,Xu et al.,LPIPS,0.0851834991
48,car-roundabout,Xu et al.,LPIPS,0.0497772886
49,loading,Xu et al.,LPIPS,0.07391946833
50,night-race,Xu et al.,LPIPS,0.1440961552
51,dancing,Xu et al.,LPIPS,0.1245684456
52,paragliding,Xu et al.,LPIPS,0.03884913156
53,kite-walk,Xu et al.,LPIPS,0.05541504862
54,libby,Xu et al.,LPIPS,0.07740779831
55,drift-turn,Xu et al.,LPIPS,0.07271092019
56,rollerblade,Xu et al.,LPIPS,0.07548476101
57,kid-football,Xu et al.,LPIPS,0.1367530801
58,drift-chicane,Xu et al.,LPIPS,0.1330172426
59,lucia,Xu et al.,LPIPS,0.05131819729
60,color-run,Xu et al.,LPIPS,0.1405729415
61,lab-coat,Xu et al.,LPIPS,0.07639369451
62,hockey,Xu et al.,LPIPS,0.0638602797
63,elephant,Xu et al.,LPIPS,0.04770176667
64,dog-gooses,Xu et al.,LPIPS,0.06005918629
65,planes-water,Xu et al.,LPIPS,0.1552978332
66,india,Xu et al.,LPIPS,0.08601059326
67,dog,Xu et al.,LPIPS,0.0858007365
68,swing,Xu et al.,LPIPS,0.05143113961
69,kite-surf,Xu et al.,LPIPS,0.08196107958
70,mbike-trick,Xu et al.,LPIPS,0.1368224018
71,pigs,Xu et al.,LPIPS,0.07352930859
72,breakdance-flare,Xu et al.,LPIPS,0.07037572622
1,boxing-fisheye,Newson et al.,LPIPS,0.05717871763
2,longboard,Newson et al.,LPIPS,0.09807811558
3,lady-running,Newson et al.,LPIPS,0.0724391107
4,cat-girl,Newson et al.,LPIPS,0.1018094142
5,walking,Newson et al.,LPIPS,0.0992250483
6,scooter-black,Newson et al.,LPIPS,0.05943211622
7,dogs-scale,Newson et al.,LPIPS,0.09839459555
8,rallye,Newson et al.,LPIPS,0.1158359541
9,motorbike,Newson et al.,LPIPS,0.04522195022
10,drift-straight,Newson et al.,LPIPS,0.09750785058
11,mallard-water,Newson et al.,LPIPS,0.10970733
12,scooter-board,Newson et al.,LPIPS,0.09445020774
13,bear,Newson et al.,LPIPS,0.06182556306
14,varanus-cage,Newson et al.,LPIPS,0.09252184251
15,horsejump-low,Newson et al.,LPIPS,0.05964291526
16,schoolgirls,Newson et al.,LPIPS,0.135334551
17,car-turn,Newson et al.,LPIPS,0.05676362009
18,motocross-jump,Newson et al.,LPIPS,0.1030885711
19,car-shadow,Newson et al.,LPIPS,0.0424270975
20,tennis,Newson et al.,LPIPS,0.05513421657
21,crossing,Newson et al.,LPIPS,0.09426085874
22,bus,Newson et al.,LPIPS,0.06510854173
23,motocross-bumps,Newson et al.,LPIPS,0.07536986586
24,train,Newson et al.,LPIPS,0.04424136419
25,camel,Newson et al.,LPIPS,0.05177955842
26,breakdance,Newson et al.,LPIPS,0.1197919182
27,mallard-fly,Newson et al.,LPIPS,0.1043106333
28,upside-down,Newson et al.,LPIPS,0.103540729
29,classic-car,Newson et al.,LPIPS,0.08077777293
30,gold-fish,Newson et al.,LPIPS,0.09437949465
31,bike-packing,Newson et al.,LPIPS,0.1128407508
32,paragliding-launch,Newson et al.,LPIPS,0.06888950416
33,bmx-trees,Newson et al.,LPIPS,0.07392836214
34,flamingo,Newson et al.,LPIPS,0.05947253323
35,tractor-sand,Newson et al.,LPIPS,0.06576003305
36,dogs-jump,Newson et al.,LPIPS,0.07649515156
37,horsejump-high,Newson et al.,LPIPS,0.06639402546
38,dog-agility,Newson et al.,LPIPS,0.1203001255
39,disc-jockey,Newson et al.,LPIPS,0.06508546494
40,hike,Newson et al.,LPIPS,0.04969046064
41,miami-surf,Newson et al.,LPIPS,0.05502423233
42,dance-jump,Newson et al.,LPIPS,0.09328086469
43,lindy-hop,Newson et al.,LPIPS,0.09098660148
44,tuk-tuk,Newson et al.,LPIPS,0.1115687189
45,judo,Newson et al.,LPIPS,0.09068345581
46,blackswan,Newson et al.,LPIPS,0.06525540507
47,boat,Newson et al.,LPIPS,0.04951007552
48,car-roundabout,Newson et al.,LPIPS,0.03916935092
49,loading,Newson et al.,LPIPS,0.08202709265
50,night-race,Newson et al.,LPIPS,0.06431592213
51,dancing,Newson et al.,LPIPS,0.1178862065
52,paragliding,Newson et al.,LPIPS,0.07081503881
53,kite-walk,Newson et al.,LPIPS,0.0559051491
54,libby,Newson et al.,LPIPS,0.05953192766
55,drift-turn,Newson et al.,LPIPS,0.0620070016
56,rollerblade,Newson et al.,LPIPS,0.08829133371
57,kid-football,Newson et al.,LPIPS,0.08462524651
58,drift-chicane,Newson et al.,LPIPS,0.07039719969
59,lucia,Newson et al.,LPIPS,0.04470354236
60,color-run,Newson et al.,LPIPS,0.08564390883
61,lab-coat,Newson et al.,LPIPS,0.09184784889
62,hockey,Newson et al.,LPIPS,0.07756988337
63,elephant,Newson et al.,LPIPS,0.05453672126
64,dog-gooses,Newson et al.,LPIPS,0.06386142512
65,planes-water,Newson et al.,LPIPS,0.08595805367
66,india,Newson et al.,LPIPS,0.08352667546
67,dog,Newson et al.,LPIPS,0.1040774127
68,swing,Newson et al.,LPIPS,0.076372182
69,kite-surf,Newson et al.,LPIPS,0.05952308319
70,mbike-trick,Newson et al.,LPIPS,0.05271458853
71,pigs,Newson et al.,LPIPS,0.06885995368
72,breakdance-flare,Newson et al.,LPIPS,0.09860253604
1,boxing-fisheye,Kim et al.,LPIPS,0.3333948945
2,longboard,Kim et al.,LPIPS,0.3276089346
3,lady-running,Kim et al.,LPIPS,0.1939589481
4,cat-girl,Kim et al.,LPIPS,0.2904503155
5,walking,Kim et al.,LPIPS,0.2620838044
6,scooter-black,Kim et al.,LPIPS,0.3377157224
7,dogs-scale,Kim et al.,LPIPS,0.2820480762
8,rallye,Kim et al.,LPIPS,0.5332954389
9,motorbike,Kim et al.,LPIPS,0.3536702394
10,drift-straight,Kim et al.,LPIPS,0.2388996122
11,mallard-water,Kim et al.,LPIPS,0.3089970473
12,scooter-board,Kim et al.,LPIPS,0.2422616731
13,bear,Kim et al.,LPIPS,0.5743919842
14,varanus-cage,Kim et al.,LPIPS,0.4327280952
15,horsejump-low,Kim et al.,LPIPS,0.5281635333
16,schoolgirls,Kim et al.,LPIPS,0.6969342706
17,car-turn,Kim et al.,LPIPS,0.492331671
18,motocross-jump,Kim et al.,LPIPS,0.2706938264
19,car-shadow,Kim et al.,LPIPS,0.3213362474
20,tennis,Kim et al.,LPIPS,0.2696481248
21,crossing,Kim et al.,LPIPS,0.5795659626
22,bus,Kim et al.,LPIPS,0.3294636856
23,motocross-bumps,Kim et al.,LPIPS,0.282038553
24,train,Kim et al.,LPIPS,0.3695321603
25,camel,Kim et al.,LPIPS,0.5286514519
26,breakdance,Kim et al.,LPIPS,0.4827832209
27,mallard-fly,Kim et al.,LPIPS,0.3363684907
28,upside-down,Kim et al.,LPIPS,0.3419024547
29,classic-car,Kim et al.,LPIPS,0.3059960181
30,gold-fish,Kim et al.,LPIPS,0.2672562278
31,bike-packing,Kim et al.,LPIPS,0.5252544462
32,paragliding-launch,Kim et al.,LPIPS,0.4369148333
33,bmx-trees,Kim et al.,LPIPS,0.310554546
34,flamingo,Kim et al.,LPIPS,0.4167746573
35,tractor-sand,Kim et al.,LPIPS,0.4581492016
36,dogs-jump,Kim et al.,LPIPS,0.4100535391
37,horsejump-high,Kim et al.,LPIPS,0.3605832253
38,dog-agility,Kim et al.,LPIPS,0.387107796
39,disc-jockey,Kim et al.,LPIPS,0.1484590383
40,hike,Kim et al.,LPIPS,0.5556327345
41,miami-surf,Kim et al.,LPIPS,0.1364762501
42,dance-jump,Kim et al.,LPIPS,0.4231566191
43,lindy-hop,Kim et al.,LPIPS,0.3560131247
44,tuk-tuk,Kim et al.,LPIPS,0.3474801815
45,judo,Kim et al.,LPIPS,0.2956222082
46,blackswan,Kim et al.,LPIPS,0.3827134526
47,boat,Kim et al.,LPIPS,0.4175174934
48,car-roundabout,Kim et al.,LPIPS,0.3578940683
49,loading,Kim et al.,LPIPS,0.2787764625
50,night-race,Kim et al.,LPIPS,0.2454620285
51,dancing,Kim et al.,LPIPS,0.3768189549
52,paragliding,Kim et al.,LPIPS,0.4598115534
53,kite-walk,Kim et al.,LPIPS,0.3064510249
54,libby,Kim et al.,LPIPS,0.2648375012
55,drift-turn,Kim et al.,LPIPS,0.3277182723
56,rollerblade,Kim et al.,LPIPS,0.4270205182
57,kid-football,Kim et al.,LPIPS,0.3866923587
58,drift-chicane,Kim et al.,LPIPS,0.4395142281
59,lucia,Kim et al.,LPIPS,0.4996287981
60,color-run,Kim et al.,LPIPS,0.1960188316
61,lab-coat,Kim et al.,LPIPS,0.3895103733
62,hockey,Kim et al.,LPIPS,0.2821849395
63,elephant,Kim et al.,LPIPS,0.4980890529
64,dog-gooses,Kim et al.,LPIPS,0.5769082482
65,planes-water,Kim et al.,LPIPS,0.2410073732
66,india,Kim et al.,LPIPS,0.2329748122
67,dog,Kim et al.,LPIPS,0.353755599
68,swing,Kim et al.,LPIPS,0.3439695455
69,kite-surf,Kim et al.,LPIPS,0.2807279043
70,mbike-trick,Kim et al.,LPIPS,0.4443879282
71,pigs,Kim et al.,LPIPS,0.3951663774
72,breakdance-flare,Kim et al.,LPIPS,0.597607718
1,boxing-fisheye,Oh et al.,LPIPS,0.1290637456
2,longboard,Oh et al.,LPIPS,0.1460575588
3,lady-running,Oh et al.,LPIPS,0.08191161071
4,cat-girl,Oh et al.,LPIPS,0.1340304914
5,walking,Oh et al.,LPIPS,0.1098022796
6,scooter-black,Oh et al.,LPIPS,0.1764472832
7,dogs-scale,Oh et al.,LPIPS,0.1036650986
8,rallye,Oh et al.,LPIPS,0.2456461589
9,motorbike,Oh et al.,LPIPS,0.1348387783
10,drift-straight,Oh et al.,LPIPS,0.1214618715
11,mallard-water,Oh et al.,LPIPS,0.1619262863
12,scooter-board,Oh et al.,LPIPS,0.1067306954
13,bear,Oh et al.,LPIPS,0.2079779804
14,varanus-cage,Oh et al.,LPIPS,0.1760936854
15,horsejump-low,Oh et al.,LPIPS,0.2250872391
16,schoolgirls,Oh et al.,LPIPS,0.3155818815
17,car-turn,Oh et al.,LPIPS,0.2054820634
18,motocross-jump,Oh et al.,LPIPS,0.1040675964
19,car-shadow,Oh et al.,LPIPS,0.1462095548
20,tennis,Oh et al.,LPIPS,0.1053613322
21,crossing,Oh et al.,LPIPS,0.2324721622
22,bus,Oh et al.,LPIPS,0.1490045398
23,motocross-bumps,Oh et al.,LPIPS,0.1364083869
24,train,Oh et al.,LPIPS,0.137943315
25,camel,Oh et al.,LPIPS,0.2117149205
26,breakdance,Oh et al.,LPIPS,0.2093436447
27,mallard-fly,Oh et al.,LPIPS,0.1500195301
28,upside-down,Oh et al.,LPIPS,0.1405591942
29,classic-car,Oh et al.,LPIPS,0.1308027277
30,gold-fish,Oh et al.,LPIPS,0.0896493519
31,bike-packing,Oh et al.,LPIPS,0.2077911792
32,paragliding-launch,Oh et al.,LPIPS,0.171933485
33,bmx-trees,Oh et al.,LPIPS,0.1425839996
34,flamingo,Oh et al.,LPIPS,0.1644708189
35,tractor-sand,Oh et al.,LPIPS,0.1984319677
36,dogs-jump,Oh et al.,LPIPS,0.131981408
37,horsejump-high,Oh et al.,LPIPS,0.1518822343
38,dog-agility,Oh et al.,LPIPS,0.1151782452
39,disc-jockey,Oh et al.,LPIPS,0.0289406352
40,hike,Oh et al.,LPIPS,0.21217274
41,miami-surf,Oh et al.,LPIPS,0.05736376482
42,dance-jump,Oh et al.,LPIPS,0.1791822074
43,lindy-hop,Oh et al.,LPIPS,0.150561778
44,tuk-tuk,Oh et al.,LPIPS,0.1418628185
45,judo,Oh et al.,LPIPS,0.1130566499
46,blackswan,Oh et al.,LPIPS,0.1702293105
47,boat,Oh et al.,LPIPS,0.1775258796
48,car-roundabout,Oh et al.,LPIPS,0.1576920472
49,loading,Oh et al.,LPIPS,0.1064927576
50,night-race,Oh et al.,LPIPS,0.08550338024
51,dancing,Oh et al.,LPIPS,0.1647073063
52,paragliding,Oh et al.,LPIPS,0.1900354812
53,kite-walk,Oh et al.,LPIPS,0.1117375766
54,libby,Oh et al.,LPIPS,0.1402217939
55,drift-turn,Oh et al.,LPIPS,0.1566832712
56,rollerblade,Oh et al.,LPIPS,0.1631490132
57,kid-football,Oh et al.,LPIPS,0.1433550719
58,drift-chicane,Oh et al.,LPIPS,0.1675575545
59,lucia,Oh et al.,LPIPS,0.2009508215
60,color-run,Oh et al.,LPIPS,0.07035917503
61,lab-coat,Oh et al.,LPIPS,0.1735681913
62,hockey,Oh et al.,LPIPS,0.117286864
63,elephant,Oh et al.,LPIPS,0.19465361
64,dog-gooses,Oh et al.,LPIPS,0.2606752502
65,planes-water,Oh et al.,LPIPS,0.08627822229
66,india,Oh et al.,LPIPS,0.08659832415
67,dog,Oh et al.,LPIPS,0.160273741
68,swing,Oh et al.,LPIPS,0.1358613933
69,kite-surf,Oh et al.,LPIPS,0.1260963185
70,mbike-trick,Oh et al.,LPIPS,0.1705991525
71,pigs,Oh et al.,LPIPS,0.1647434668
72,breakdance-flare,Oh et al.,LPIPS,0.234691957